Model,Threshold,Accuracy,AUC,Precision,Recall,F1,Features_used
random_forest_hard_20251119_114950,0.26,0.8484848484848485,0.8346230158730159,0.0,0.0,0.0,42
gradient_boosting_hard_20251119_114951,0.01,0.8383838383838383,0.6544642857142857,0.0,0.0,0.0,42
xgboost_hard_20251119_114951,0.26,0.8484848484848485,0.5636904761904762,0.0,0.0,0.0,42
logistic_regression_hard_20251119_114950,0.88,0.8484848484848485,0.5,0.0,0.0,0.0,42
