dataset,accuracy,precision,recall,f1,roc_auc,pr_auc,n,positive_rate
mine,1.0,1.0,1.0,1.0,,,595,1.0
student1,1.0,1.0,1.0,1.0,1.0,1.0,59,0.4915254237288136
student2,0.9932699920823437,1.0,0.9861450692746536,0.9930242100943784,1.0,1.0,2526,0.4857482185273159
