Model,Accuracy,AUC,Precision,Recall,F1
random_forest_20251119_111421,0.9995997865528282,0.9999974255280349,0.9938650306748467,0.9969230769230769,0.9953917050691244
random_forest_20251119_111606,0.9998665955176094,0.9999974255280348,1.0,0.9969230769230769,0.9984591679506933
xgboost_20251119_111607,0.9998665955176094,0.9999407871448034,1.0,0.9969230769230769,0.9984591679506933
xgboost_20251119_111422,0.9998665955176094,0.9999407871448034,1.0,0.9969230769230769,0.9984591679506933
gradient_boosting_20251119_111606,0.9998665955176094,0.9984615384615385,1.0,0.9969230769230769,0.9984591679506933
gradient_boosting_20251119_111422,0.9998665955176094,0.9984615384615385,1.0,0.9969230769230769,0.9984591679506933
logistic_regression_20251119_111605,0.9582443970117396,0.7788391276830825,0.75,0.055384615384615386,0.10315186246418338
logistic_regression_20251119_111421,0.9582443970117396,0.7788391276830825,0.75,0.055384615384615386,0.10315186246418338
